{"cameraMode":{"drawMode":0,"name":"Shaded","section":"Shading Mode"},"sceneLighting":true,"audioPlay":false,"sceneViewState":{"m_AlwaysRefresh":false,"showFog":true,"showSkybox":true,"showFlares":true,"showImageEffects":true,"showParticleSystems":true,"showVisualEffectGraphs":true,"m_FxEnabled":true},"in2DMode":false,"pivot":{"x":-8.888891220092774,"y":-5.184630393981934,"z":3.7871639728546144},"rotation":{"x":0.010763167403638363,"y":-0.07373210787773133,"z":-0.00077126978430897,"w":-0.9972286820411682},"size":16.63054084777832,"orthographic":false}