{"cameraMode":{"drawMode":0,"name":"Shaded","section":"Shading Mode"},"sceneLighting":true,"audioPlay":false,"sceneViewState":{"m_AlwaysRefresh":false,"showFog":true,"showSkybox":true,"showFlares":true,"showImageEffects":true,"showParticleSystems":true,"showVisualEffectGraphs":true,"m_FxEnabled":true},"in2DMode":false,"pivot":{"x":6.141380786895752,"y":2.2709174156188967,"z":22.827587127685548},"rotation":{"x":0.010763167403638363,"y":-0.07373210787773133,"z":-0.00077126978430897,"w":-0.9972286820411682},"size":0.6932184100151062,"orthographic":false}