{"cameraMode":{"drawMode":0,"name":"Shaded","section":"Shading Mode"},"sceneLighting":false,"audioPlay":false,"sceneViewState":{"m_AlwaysRefresh":false,"showFog":true,"showSkybox":false,"showFlares":true,"showImageEffects":true,"showParticleSystems":true,"showVisualEffectGraphs":true,"m_FxEnabled":true},"in2DMode":false,"pivot":{"x":0.9885207414627075,"y":5.717681407928467,"z":1.7026891708374024},"rotation":{"x":-0.029439548030495645,"y":-0.1333450973033905,"z":0.003963506780564785,"w":-0.9906272292137146},"size":2.1813340187072756,"orthographic":false}